Date,Username,Tweet
2025-06-13,  budi_cyclist , Sepeda touring dari  AdventureWorks emang ajiib  Tahan banting diajak keliling Bromo  Ga nyesel beli   AdventureWorks  touring 
2025-06-13,  siti_kecewa , Gilaa  pesen helm udah seminggu lebih belum dikirim juga sama Adventure Works  Di chat adminnya slow response parah     kecewa 
2025-06-13,  tanyaSepeda , min  AdventureWorks  mountain bike seri terbaru udah ready di store Surabaya belum ya  Mau liat langsung nih  
2025-06-13,  gear_mania , Liat bocoran frame carbon baru dari Adventure Works gokiiil    Ringan banget kayaknya  Auto nabung     cycling  AdventureWorks 
2025-06-13,  eko_wibowo , Beli sarung tangan di Adventure Works  baru dipake 2x udah sobek jahitannya  Kualitasnya kok menurun ya    
2025-06-13,  pemula_gowes , Gan  ada rekomendasi sepeda hybrid dari  AdventureWorks buat commuting harian di bawah 5 juta  Makasih   
2025-06-13,  rini_marina , Mau service sepeda di official store Adventure Works antrenya panjang bener  Mending buka cabang lagi deh di Sby barat  
2025-06-13,  david_lim , Salut sama CS  AdventureWorks  Ada part yang salah kirim  langsung ditangani dan besoknya dikirim penggantinya  Mantap pelayanannya     
2025-06-13,  dompet_tipis , Harganya lumayan juga ya sekarang  AdventureWorks  Kompetitor sebelah bisa kasih spek mirip harga lebih miring  
2025-06-12,  unbox_asik , Unboxing jersey   celana baru dari Adventure Works  Bahannya adem dan nyaman banget  Cek videonya disini  bit ly aw unboxing25 
2025-06-12,  jelajah_alam , Ada yg pernah pake pannier bag dari  AdventureWorks  Reviewnya dong  kuat buat nanjak dan ujan ujanan gak  
2025-06-12,  promo_hunter , Kapan nih  AdventureWorks adain diskon gede lagi  Nungguin promo tengah tahun hehe   diskon  promo
